Customer ID,First Name,Last Name,Email,Accepts Email Marketing,Default Address Company,Default Address Address1,Default Address Address2,Default Address City,Default Address Province Code,Default Address Country Code,Default Address Zip,Default Address Phone,Phone,Accepts SMS Marketing,Total Spent,Total Orders,Note,Tax Exempt,Tags
'9122188067044,Russell,Winfield,Russel.winfield@example.com,no,Company Name,105 Victoria St,,Toronto,,CA,M5C1N7,'+14165550135,'+16135550135,no,0.00,0,This customer is created with most available fields,no,VIP
'9122188099812,Karine,Ruby,karine.ruby@example.com,no,,Box 42 - 151 O'Connor St,,Ottawa,,CA,K2P2L8,'+16135550142,'+16135550142,no,0.00,0,,no,
'9122188132580,Ayumu,Hirano,ayumu.hirano@example.com,no,,,,,,,,,'+16135550127,no,0.00,0,,no,
'9123780788452,Kacey,Shields,egnition_sample_8209@egnition.com,no,,3508 Pharetra. Av.,,Nantes,,PY,42621,'+59546815309,'+14804246048,no,73.99,2,,no,"egnition-sample-data, referral, toys"
'9124506829028,Leonie,Ortiz,egnition_sample_3315@egnition.com,no,,"P.O. Box 550, 344 Et Rd.",,Saint-Lo,,DM,46597,'+18094528901,'+18453430198,no,916.95,3,,no,"clothes, egnition-sample-data, VIP"
'9124506894564,Saul,Veum,egnition_sample_3306@egnition.com,no,,16 Merchants Row,,Boston,MA,US,'02109,'+15123457918,'+14195788893,no,29.00,1,,no,"clothes, egnition-sample-data"
'9124506927332,Agustin,Tromp,egnition_sample_2521@egnition.com,no,,"P.O. Box 550, 344 Et Rd.",,Saint-Lo,,DM,46597,'+18094528901,'+13804778350,no,409.90,2,,no,"clothes, egnition-sample-data, referral"
'9124506960100,Lisette,Sawayn,egnition_sample_2922@egnition.com,no,,30 Legiendamm street,,Berlin,,DE,10117,'+4930902451,'+15866691915,no,719.85,4,,no,"clothes, egnition-sample-data"
'9124507058404,Woodrow,Mosciski,egnition_sample_3722@egnition.com,no,,10 Cahill Street,,San Jose,CA,US,95156,'+15123325073,'+14782916650,no,349.00,1,,no,"clothes, egnition-sample-data"
'9124507189476,Lesley,Schowalter,egnition_sample_4200@egnition.com,no,,14 Damfaret St,,Oslo,,NO,'0890,'+4792910783,'+19284310173,no,50.00,1,,no,"clothes, egnition-sample-data"
'9124507255012,Reilly,Ebert,egnition_sample_5234@egnition.com,no,,"P.O. Box 550, 344 Et Rd.",,Saint-Lo,,DM,46597,'+18094528901,'+13526753680,no,70.00,1,,no,"clothes, egnition-sample-data"
'9124507287780,Julia,Heller,egnition_sample_4950@egnition.com,no,,14 Damfaret St,,Oslo,,NO,'0890,'+4792910783,'+17247512116,no,179.95,1,,no,"clothes, egnition-sample-data"
'9124507320548,Edward,Wunsch,egnition_sample_8865@egnition.com,no,,1 La Rambla street,,Barcelona,B,ES,'08002,'+34789214892,'+18205844999,no,698.85,4,,no,"clothes, egnition-sample-data"
'9124507386084,Orville,Batz,egnition_sample_1473@egnition.com,no,,1 La Rambla street,,Barcelona,B,ES,'08002,'+34789214892,'+19383834386,no,339.95,2,,no,"clothes, egnition-sample-data, VIP"
'9124540874980,Jayce,Dickinson,egnition_sample_6604@egnition.com,no,,426-7891 Vel Avenue,,Frankfurt,,BG,66-855,'+35948553782,'+18309322665,no,0.00,0,,no,"egnition-sample-data, referral, toys"
'9124540973284,Natasha,O'Conner,egnition_sample_8799@egnition.com,no,,"P.O. Box 726, 7322 Tellus Avenue",,Houston,,CD,923619,'+39471628609,'+19147941659,no,46.99,2,,no,"egnition-sample-data, referral, toys"
'9124541104356,Darlene,Hartmann,egnition_sample_7284@egnition.com,no,,"P.O. Box 128, 1891 Fusce Road",,Puttlingen,,BW,596967,'+2673956537,'+13236278480,no,458.00,3,,no,"egnition-sample-data, referral, toys"
'9124541137124,Gillian,Wilderman,egnition_sample_5781@egnition.com,no,,"P.O. Box 214, 9833 Venenatis Av.",,Cherbourg-Octeville,,IQ,274366,'+9647501129126,'+19562655968,no,36.00,1,,no,"egnition-sample-data, toys, VIP"
'9124541333732,Madelynn,Hauck,egnition_sample_2826@egnition.com,no,,Ap #797-9093 Lorem Rd.,,Gladstone,,EE,99925,'+3724405368,'+18158158093,no,0.00,0,,no,"egnition-sample-data, referral, toys"
'9124541366500,Louvenia,Schiller,egnition_sample_7133@egnition.com,no,,346-7327 Massa St.,,Berlin,,GB,77805979 ,'+441212125369,'+13418892338,no,263.98,2,,no,"egnition-sample-data, toys"
'9124541399268,Adalberto,Rosenbaum,egnition_sample_0122@egnition.com,no,,"P.O. Box 879, 8424 Eget Street",,Bremerhaven,,BD,N27 2TJ,'+8801972548741,'+13519599206,no,174.98,2,,no,"egnition-sample-data, toys"
'9124541530340,Erica,Pouros,egnition_sample_4182@egnition.com,no,,827 Magna. Rd.,,Toledo,,BS,43563,'+12423336531,'+13862187772,no,717.00,4,,no,"egnition-sample-data, referral, toys"
'9124541595876,Colton,Roob,egnition_sample_1089@egnition.com,no,,363-3931 Ad St.,,Zaragoza,,EE,K7Y 5H7,'+3724403217,'+12836983601,no,0.00,0,,no,"egnition-sample-data, toys"
'9124541694180,Aglae,Cassin,egnition_sample_9805@egnition.com,no,,Ap #348-5212 Malesuada Road,,Saarbrucken,,MC,45015,'+842583526458,'+16626404127,no,143.00,1,,no,"egnition-sample-data, toys, VIP"
'9124541825252,Jarret,Nikolaus,egnition_sample_4453@egnition.com,no,,640-1995 Ut Rd.,,Salem,,CD,529515,'+243825126830,'+14409660528,no,99.00,1,,no,"egnition-sample-data, referral, toys"
'9124541989092,Jesus,Muller,egnition_sample_9039@egnition.com,no,,"P.O. Box 415, 8583 Non, St.",,Springfield,,BS,90558,'+12423254591,'+14789033086,no,485.00,1,,no,"egnition-sample-data, toys"
'9124542087396,Keegan,Stokes,egnition_sample_0575@egnition.com,no,,640-1995 Ut Rd.,,Salem,,CD,529515,'+243825126830,'+14357276300,no,421.00,2,,no,"egnition-sample-data, toys, VIP"
'9124542218468,Kobe,Abernathy,egnition_sample_7144@egnition.com,no,,346-7327 Massa St.,,Berlin,,GB,77805979 ,'+441212125369,'+17068676146,no,96.99,1,,no,"egnition-sample-data, toys"
'9124542284004,Thea,Goodwin,egnition_sample_4009@egnition.com,no,,Ap #567-2341 Andrassy ut,,Melbourne,VIC,AU,3000,'+3655698017,'+14756453715,no,63.99,1,,no,"egnition-sample-data, toys"
'9124542447844,Sherman,Feest,egnition_sample_1251@egnition.com,no,,923 Ligula. St.,,Herne,,CD,N725KO,'+243825000948,'+13238756842,no,0.00,0,,no,"egnition-sample-data, toys"
'9124542480612,Lafayette,Rowe,egnition_sample_8385@egnition.com,no,,"P.O. Box 214, 9833 Venenatis Av.",,Cherbourg-Octeville,,IQ,274366,'+9647501129126,'+18138991666,no,0.00,0,,no,"egnition-sample-data, referral, toys"
'9124542578916,Trystan,Volkman,egnition_sample_7517@egnition.com,no,,Ap #212-7721 Phasellus Avenue,,Telde,PH-00,PH,P8E 7Z8,'+67466997539,'+15038916760,no,0.00,0,,no,"egnition-sample-data, toys, VIP"
'9124542677220,Luella,Mohr,egnition_sample_7426@egnition.com,no,,"P.O. Box 233, 8726 Orci. Road",,Berlin,,MZ,2879,'+25821128674,'+18485015482,no,327.96,3,,no,"egnition-sample-data, toys, VIP"
'9124542742756,Johnnie,Von,egnition_sample_0991@egnition.com,no,,Ap #332-1748 Enim Rd.,,OK City,,SN,4378,'+221339516350,'+15205162915,no,104.99,1,,no,"egnition-sample-data, referral, toys"
'9124542808292,Keegan,Gutmann,egnition_sample_7358@egnition.com,no,,"P.O. Box 214, 9833 Venenatis Av.",,Cherbourg-Octeville,,IQ,274366,'+9647501129126,'+13522903835,no,103.00,1,,no,"egnition-sample-data, toys, VIP"
'9124542906596,Heloise,Murazik,egnition_sample_3331@egnition.com,no,,"P.O. Box 214, 9833 Venenatis Av.",,Cherbourg-Octeville,,IQ,274366,'+9647501129126,'+19807507773,no,172.00,2,,no,"egnition-sample-data, toys"
'9124542972132,Jose,Treutel,egnition_sample_1884@egnition.com,no,,640-1995 Ut Rd.,,Salem,,CD,529515,'+243825126830,'+19499717613,no,74.00,1,,no,"egnition-sample-data, toys, VIP"
'9124543004900,Rex,Kertzmann,egnition_sample_4279@egnition.com,no,,9872 Auctor St.,,Norderstedt,ASN,EG,31284,'+64355407216,'+18706413415,no,145.00,1,,no,"egnition-sample-data, toys"
'9124543037668,Juliana,Bogisich,egnition_sample_1818@egnition.com,no,,"P.O. Box 269, 705 Duis Av.",,Zaragoza,,TZ,6624,'+255688054267,'+13606737460,no,38.00,1,,no,"egnition-sample-data, referral, toys"
'9124543135972,Devonte,Leuschke,egnition_sample_3467@egnition.com,no,,"P.O. Box 879, 8424 Eget Street",,Bremerhaven,,BD,N27 2TJ,'+8801972548741,'+17244054247,no,0.00,0,,no,"egnition-sample-data, toys"
'9124543234276,Florida,Leffler,egnition_sample_1011@egnition.com,no,,"P.O. Box 415, 8583 Non, St.",,Springfield,,BS,90558,'+12423254591,'+17856291882,no,91.99,1,,no,"egnition-sample-data, referral, toys"
'9124543332580,Rosie,Runolfsdottir,egnition_sample_2403@egnition.com,no,,3508 Pharetra. Av.,,Nantes,,PY,42621,'+59546815309,'+14156228727,no,0.00,0,,no,"egnition-sample-data, toys, VIP"
'9124543430884,Cortney,Ritchie,egnition_sample_4918@egnition.com,no,,Ap #567-2341 Andrassy ut,,Melbourne,VIC,AU,3000,'+3655698017,'+19165307387,no,43.00,1,,no,"egnition-sample-data, toys, VIP"
'9124543463652,Eusebio,Heaney,egnition_sample_2484@egnition.com,no,,"P.O. Box 214, 9833 Venenatis Av.",,Cherbourg-Octeville,,IQ,274366,'+9647501129126,'+14698264082,no,127.98,2,,no,"egnition-sample-data, toys, VIP"
'9124543561956,Jamaal,Gusikowski,egnition_sample_2295@egnition.com,no,,723-306 Diam St.,,Greater Hobart,,AD,56014,'+376767083,'+18205561879,no,19.00,1,,no,"egnition-sample-data, toys, VIP"
'9124543627492,Zita,Bauch,egnition_sample_5854@egnition.com,no,,3740 Duis Road,,Halberstadt,,TR,4798,'+902123144893,'+16148655903,no,0.00,0,,no,"egnition-sample-data, toys, VIP"
'9124543758564,Lenna,Bernhard,egnition_sample_6067@egnition.com,no,,"666-9498 Vulputate, Rd.",,Colchester,,TG,171318,'+22890852987,'+19203405956,no,0.00,0,,no,"egnition-sample-data, toys"
'9124543824100,Hettie,Bogisich,egnition_sample_8915@egnition.com,no,,913-2468 Id Ave,,Gulfport,,GQ,31464,'+240551898371,'+13179990372,no,0.00,0,,no,"egnition-sample-data, toys, VIP"
'9124543987940,Brett,Dicki,egnition_sample_8235@egnition.com,no,,"P.O. Box 128, 1891 Fusce Road",,Puttlingen,,BW,596967,'+2673956537,'+14235735139,no,0.00,0,,no,"egnition-sample-data, toys, VIP"
'9124544053476,Caden,O'Connell,egnition_sample_0113@egnition.com,no,,Ap #567-2341 Andrassy ut,,Melbourne,VIC,AU,3000,'+3655698017,'+16803323867,no,494.00,2,,no,"egnition-sample-data, referral, toys"
'9124544119012,Kariane,Rogahn,egnition_sample_2836@egnition.com,no,,723-306 Diam St.,,Greater Hobart,,AD,56014,'+376767083,'+19376867358,no,168.00,1,,no,"egnition-sample-data, toys, VIP"
'9124544217316,Brendon,Schneider,egnition_sample_2630@egnition.com,no,,"P.O. Box 299, 6625 Porttitor Av.",,Kalgoorlie-Boulder,,ZW,521496,'+2631353109,'+16893531446,no,221.99,1,,no,"egnition-sample-data, toys, VIP"
'9124544348388,Ralph,Gulgowski,egnition_sample_6422@egnition.com,no,,6253 Vitae Ave,,Mostoles,,MF,60201,'+590590879321,'+12077293900,no,0.00,0,,no,"egnition-sample-data, toys, VIP"
'9124544446692,Thaddeus,Sipes,egnition_sample_8211@egnition.com,no,,"666-9498 Vulputate, Rd.",,Colchester,,TG,171318,'+22890852987,'+16054163907,no,277.00,1,,no,"egnition-sample-data, referral, toys"
'9124544512228,Alexandra,Hill,egnition_sample_4088@egnition.com,no,,"P.O. Box 427, 3202 Sed Avenue",,Aurora,IL,US,49523,'+9647501589651,'+15592528616,no,228.98,2,,no,"egnition-sample-data, referral, toys"
'9124544610532,Mikel,Koepp,egnition_sample_4841@egnition.com,no,,Ap #348-6667 Malesuada Av.,,Canberra,,MK,41-765,'+38923293861,'+18728980202,no,0.00,0,,no,"egnition-sample-data, referral, toys"
'9124544676068,Keith,Abernathy,egnition_sample_4290@egnition.com,no,,Ap #263-591 Aliquet Av.,,MC,,DM,S4X5E5,'+34770669054,'+13218903224,no,325.00,1,,no,"egnition-sample-data, toys, VIP"
'9124544774372,Anahi,Von,egnition_sample_7880@egnition.com,no,,"P.O. Box 726, 7322 Tellus Avenue",,Houston,,CD,923619,'+39471628609,'+16509025588,no,0.00,0,,no,"egnition-sample-data, referral, toys"
'9124544839908,Hertha,Rau,egnition_sample_8789@egnition.com,no,,"P.O. Box 415, 8583 Non, St.",,Springfield,,BS,90558,'+12423254591,'+17269585660,no,216.98,3,,no,"egnition-sample-data, toys"
'9124544905444,Imogene,Wiegand,egnition_sample_8914@egnition.com,no,,346-7327 Massa St.,,Berlin,,GB,77805979 ,'+441212125369,'+16417033335,no,0.00,0,,no,"egnition-sample-data, toys, VIP"
'9124545102052,Alexandrine,Veum,egnition_sample_2376@egnition.com,no,,Ap #336-7706 Vehicula Rd.,,Benalla,,KG,54239,'+996315876527,'+14793265392,no,21.98,1,,no,"egnition-sample-data, toys, VIP"
'9124545200356,Dixie,Schmeler,egnition_sample_9903@egnition.com,no,,417-3619 Pellentesque. Av.,,Badalona,,LB,23863,'+9611427183,'+17577146447,no,0.00,0,,no,"egnition-sample-data, referral, toys"
'9124545331428,Madisyn,Romaguera,egnition_sample_1637@egnition.com,no,,"P.O. Box 128, 1891 Fusce Road",,Puttlingen,,BW,596967,'+2673956537,'+16415770414,no,78.00,1,,no,"egnition-sample-data, toys, VIP"
