Handle,Title,Body (HTML),Vendor,Product Category,Type,Tags,Published,Option1 Name,Option1 Value,Option1 Linked To,Option2 Name,Option2 Value,Option2 Linked To,Option3 Name,Option3 Value,Option3 Linked To,Variant SKU,Variant Grams,Variant Inventory Tracker,Variant Inventory Policy,Variant Fulfillment Service,Variant Price,Variant Compare At Price,Variant Requires Shipping,Variant Taxable,Unit Price Total Measure,Unit Price Total Measure Unit,Unit Price Base Measure,Unit Price Base Measure Unit,Variant Barcode,Image Src,Image Position,Image Alt Text,Gift Card,SEO Title,SEO Description,Snowboard binding mount (product.metafields.test_data.binding_mount),Snowboard length (product.metafields.test_data.snowboard_length),Variant Image,Variant Weight Unit,Variant Tax Code,Cost per item,Included / Canada,Price / Canada,Compare At Price / Canada,Status
fisher-price-shimmer-and-shine-genie-gem-microphone,Fisher Price Shimmer and Shine Genie Gem Microphone,Sing along to your favorite Shimmer and Shine songs! This magical microphone comes in Shimmer's signature pink and purple colors and features songs from the television show and a sparkly genie gem top that lights up to the music!.,FISHER PRICE,Uncategorized,TOYS,"egnition-sample-data, fisher-price, toys",True,Title,Default Title,,,,,,,,TOY62,0.0,shopify,deny,manual,24.99,,True,True,,,,,,https://cdn.shopify.com/s/files/1/0814/0452/6820/files/product_106_image1.jpg?v=1778068036,1.0,Fisher Price Shimmer and Shine Genie Gem Microphone,False,,,,,,lb,,,,,,active
fisher-price-shimmer-and-shine-wish-and-wear-genie-necklace,Fisher Price Shimmer and Shine - Wish and Wear Genie Necklace,This beautiful jeweled necklace features a very special surprise your best friends Shimmer and Shine hiding inside! Press the gem at the top of the bottle to see the bottle light up and the genies appear! Fun phrases and a song add to the magic!,FISHER PRICE,Uncategorized,TOYS,"egnition-sample-data, fisher-price, toys",True,Title,Default Title,,,,,,,,TOY61,0.0,shopify,deny,manual,24.99,,True,True,,,,,,https://cdn.shopify.com/s/files/1/0814/0452/6820/files/product_105_image1.jpg?v=1778068030,1.0,Fisher Price Shimmer and Shine - Wish and Wear Genie Necklace,False,,,,,,lb,,,,,,active
megablocks-call-of-duty-atlas-mobile-turret,MegaBlocks Call of Duty Atlas Mobile Turret,"Buildable Atlas Mobile Turret with articulated robotic legs, rubber wheels, and 360-degree rotating pivot-mounted cannon. Includes three highly detailed, super-poseable soldier micro action figures, including one clear resin active camo micro action figure",MEGA BLOCKS,Uncategorized,TOYS,"egnition-sample-data, mega-blocks, toys",True,Title,Default Title,,,,,,,,TOY60,0.0,shopify,deny,manual,24.99,,True,True,,,,,,https://cdn.shopify.com/s/files/1/0814/0452/6820/files/product_104_image1.jpg?v=1778068024,1.0,MegaBlocks Call of Duty Atlas Mobile Turret,False,,,,,,lb,,,,,,active
megablocks-halo-brute-chopper-raid,MegaBlocks Halo Brute Chopper Raid,"Buildable Brute Chopper with camo finish and large double front wheel. Vehicle features articulated, swiveling design.",MEGA BLOCKS,Uncategorized,TOYS,"egnition-sample-data, mega-blocks, toys",True,Title,Default Title,,,,,,,,TOY59,0.0,shopify,deny,manual,16.99,,True,True,,,,,,https://cdn.shopify.com/s/files/1/0814/0452/6820/files/product_103_image1.jpg?v=1778068018,1.0,MegaBlocks Halo Brute Chopper Raid,False,,,,,,lb,,,,,,active
fisher-price-mega-bloks-elephant-parade,Fisher-Price Mega Bloks Elephant Parade,Tumble into playtime with a friendly elephant and a buildable animal parade! Roll out adventure from trunk to tail when you build with a friendly elephant and a parade of colorful animal friends!,MEGA BLOCKS,Uncategorized,TOYS,"egnition-sample-data, fisher-price, mega-blocks, toys",True,Title,Default Title,,,,,,,,TOY58,0.0,shopify,deny,manual,56.99,,True,True,,,,,,https://cdn.shopify.com/s/files/1/0814/0452/6820/files/product_102_image1.jpg?v=1778068013,1.0,Fisher-Price Mega Bloks Elephant Parade,False,,,,,,lb,,,,,,active
mega-bloks-freddy-firetruck,Mega Bloks Freddy Firetruck,Freddy Firetruck with raising ladder and small storage compartment. Includes one Firefighter Block Buddy and six blocks,MEGA BLOCKS,Uncategorized,TOYS,"egnition-sample-data, mega-blocks, toys",True,Title,Default Title,,,,,,,,TOY57,0.0,shopify,deny,manual,25.99,,True,True,,,,,,https://cdn.shopify.com/s/files/1/0814/0452/6820/files/product_101_image1.jpg?v=1778068007,1.0,Mega Bloks Freddy Firetruck,False,,,,,,lb,,,,,,active
mega-bloks-halo-wireless-attack-mantis-set,Mega Bloks Halo Wireless Attack Mantis Set,Build Them Up! Make new discoveries with building blocks! The Mega Bloks Halo Wireless Attack Mantis Set consists of colorful and perfectly sized pieces for small hands. Let your children learn and grow as they grasp and stack towers.,MEGA BLOCKS,Uncategorized,TOYS,"egnition-sample-data, mega-blocks, toys",True,Title,Default Title,,,,,,,,TOY56,0.0,shopify,deny,manual,94.99,,True,True,,,,,,https://cdn.shopify.com/s/files/1/0814/0452/6820/files/product_100_image1.png?v=1778068001,1.0,Mega Bloks Halo Wireless Attack Mantis Set,False,,,,,,lb,,,,,,active
megablocks-call-of-duty-wraith-attack,MegaBlocks Call of Duty Wraith Attack,"Buildable drone aircraft with articulated wings, dual propellers, surveillance panel, and multi-directional front cannon and side machine guns.",MEGA BLOCKS,Uncategorized,TOYS,"egnition-sample-data, mega-blocks, toys",True,Title,Default Title,,,,,,,,TOY55,0.0,shopify,deny,manual,59.99,,True,True,,,,,,https://cdn.shopify.com/s/files/1/0814/0452/6820/files/product_99_image1.jpg?v=1778067995,1.0,MegaBlocks Call of Duty Wraith Attack,False,,,,,,lb,,,,,,active
thomas-and-friends-megabloks-sodar-adventures,Thomas and Friends Megabloks Sodar Adventures,"All aboard! Now even the littlest Thomas fans can visit the Island of Sodor most famous sights when they use the big blocks to bring iconic locations from the world of Thomas &amp; Friends to life! Build Thomas, then chuff out from Maron Station and head to Knapford before stopping in for repairs at the Sodor Steamworks!",MEGA BLOCKS,Uncategorized,TOYS,"egnition-sample-data, mega-blocks, toys",True,Title,Default Title,,,,,,,,TOY54,0.0,shopify,deny,manual,42.0,,True,True,,,,,,https://cdn.shopify.com/s/files/1/0814/0452/6820/files/product_98_image1.jpg?v=1778067990,1.0,Thomas and Friends Megabloks Sodar Adventures,False,,,,,,lb,,,,,,active
mega-bloks-thomas-and-friends,Mega Bloks Thomas and Friends,Mega Bloks Thomas and Friends (Toby),MEGA BLOCKS,Uncategorized,TOYS,"egnition-sample-data, mega-blocks, toys",True,Title,Default Title,,,,,,,,TOY53,0.0,shopify,deny,manual,19.99,,True,True,,,,,,https://cdn.shopify.com/s/files/1/0814/0452/6820/files/product_97_image1.jpg?v=1778067984,1.0,Mega Bloks Thomas and Friends,False,,,,,,lb,,,,,,active
mega-bloks-big-building-bag,Mega Bloks Big Building Bag,Mega Bloks Big Building Bag,MEGA BLOCKS,Uncategorized,TOYS,"egnition-sample-data, mega-blocks, toys",True,Title,Default Title,,,,,,,,TOY52,0.0,shopify,deny,manual,33.99,,True,True,,,,,,https://cdn.shopify.com/s/files/1/0814/0452/6820/files/product_96_image1.jpg?v=1778067978,1.0,Mega Bloks Big Building Bag,False,,,,,,lb,,,,,,active
megablocks-call-of-duty-seal-sub-recon,MegaBlocks Call of Duty Seal Sub Recon,"Buildable submarine with authentic detailing, rotating rear propeller, and multiple storage compartments with sliding doors for streamlined display. Includes two highly detailed, super-poseable SEAL soldier micro action figures in diving suits and masks",MEGA BLOCKS,Uncategorized,TOYS,"egnition-sample-data, mega-blocks, toys",True,Title,Default Title,,,,,,,,TOY51,0.0,shopify,deny,manual,35.99,,True,True,,,,,,https://cdn.shopify.com/s/files/1/0814/0452/6820/files/product_95_image1.jpg?v=1778067973,1.0,MegaBlocks Call of Duty Seal Sub Recon,False,,,,,,lb,,,,,,active
dinotrux-skrap-it-and-waldo-character-2-pack,Dinotrux Skrap-It and Waldo Character 2-Pack,"Skrap-It and Waldo appear small yet mighty in this exciting 2-pack. Featuring iconic details that fans will recognize from the show, each character also has movements that match its on-screen personality and unique toolability."" Kids will want to collect them all to build out the Mechazoic Era of Dinotrux!""",MATTEL,Uncategorized,TOYS,"egnition-sample-data, mattel, toys",True,Title,Default Title,,,,,,,,TOY50,0.0,shopify,deny,manual,4.99,,True,True,,,,,,https://cdn.shopify.com/s/files/1/0814/0452/6820/files/product_94_image1.jpg?v=1778067967,1.0,Dinotrux Skrap-It and Waldo Character 2-Pack,False,,,,,,lb,,,,,,active
dinotrux-shadow-ty-rux-character,Dinotrux Shadow Ty Rux Character,"The thrill-seeking Shadow Ty Rux comes in larger hero scale for a look that's robust and ready to rumble. Featuring rolling wheels and unique movements, Shadow Ty Rux shows off his truck-ability and personality as-seen-in-context. Everyone will love the tail-smashing, jaw-closing and mouth-chomping action!",MATTEL,Uncategorized,TOYS,"egnition-sample-data, mattel, toys",True,Title,Default Title,,,,,,,,TOY49,0.0,shopify,deny,manual,4.99,,True,True,,,,,,https://cdn.shopify.com/s/files/1/0814/0452/6820/files/product_93_image1.jpg?v=1778067961,1.0,Dinotrux Shadow Ty Rux Character,False,,,,,,lb,,,,,,active
dinotrux-rollodon-die-cast-character,Dinotrux Rollodon Die-Cast Character,"Rollodon is featured in die-cast form with special movements and abilities that are unique to his on-screen personality. Rolling wheels make for easy, push-around play. Kids will want to collect all the Mechazoic Era characters to build out the world of Dinotrux! The character vehicle also comes with access to a digital download of content with purchase.",MATTEL,Uncategorized,TOYS,"die-cast, egnition-sample-data, mattel, toys",True,Title,Default Title,,,,,,,,TOY48,0.0,shopify,deny,manual,4.99,,True,True,,,,,,https://cdn.shopify.com/s/files/1/0814/0452/6820/files/product_92_image1.jpg?v=1778067955,1.0,Dinotrux Rollodon Die-Cast Character,False,,,,,,lb,,,,,,active
dinotrux-revvit-and-tortool-character-2-pack,Dinotrux Revvit and Tortool Character 2-Pack,"Revvit and Tortool appear small yet mighty in this exciting 2-pack. Featuring iconic details that fans will recognize from the show, each character also has movements that match its on-screen personality and unique toolability. Kids will want to collect all the characters from the Mechazoic Era to build out the world of Dinotrux!",MATTEL,Uncategorized,TOYS,"egnition-sample-data, mattel, toys",True,Title,Default Title,,,,,,,,TOY47,0.0,shopify,deny,manual,4.99,,True,True,,,,,,https://cdn.shopify.com/s/files/1/0814/0452/6820/files/product_91_image1.jpg?v=1778067949,1.0,Dinotrux Revvit and Tortool Character 2-Pack,False,,,,,,lb,,,,,,active
dinotrux-large-scale-garby-character,Dinotrux Large Scale Garby Character,"Garby comes in large-scale so fans can act out the most heavy-duty missions from the show. Kid-powered motion triggers Garby to display unique and humorous movements, like the ability to feed him a piece of ore and then see it shoot out of his backside!",MATTEL,Uncategorized,TOYS,"egnition-sample-data, mattel, toys",True,Title,Default Title,,,,,,,,TOY44,0.0,shopify,deny,manual,22.99,,True,True,,,,,,https://cdn.shopify.com/s/files/1/0814/0452/6820/files/product_90_image1.jpg?v=1778067943,1.0,Dinotrux Large Scale Garby Character,False,,,,,,lb,,,,,,active
dinotrux-dozer-die-cast-character,Dinotrux Dozer Die-Cast Character,"Dozer is featured in die-cast form with special movements and abilities that are unique to his on-screen personality. Featuring a strong, bulldozer-like build, Dozer can charge and demolish anything in his path! Rolling wheels make for easy, push-around play. Kids will want to collect all Mechazoic Era characters to build out the world of Dinotrux!",MATTEL,Uncategorized,TOYS,"die-cast, egnition-sample-data, mattel, toys",True,Title,Default Title,,,,,,,,TOY43,0.0,shopify,deny,manual,4.99,,True,True,,,,,,https://cdn.shopify.com/s/files/1/0814/0452/6820/files/product_89_image1.jpg?v=1778067938,1.0,Dinotrux Dozer Die-Cast Character,False,,,,,,lb,,,,,,active
dinotrux-ace-and-click-clack-character-2-pack,Dinotrux Ace and Click-Clack Character 2-Pack,"Ace and Click-Clack appear small yet mighty in this exciting 2-pack. Featuring iconic details that fans will recognize from the show, each character also has movements that match its on-screen personality and unique toolability. Kids will want to collect all the characters from the Mechazoic Era to build out the world of Dinotrux!",MATTEL,Uncategorized,TOYS,"egnition-sample-data, mattel, toys",True,Title,Default Title,,,,,,,,TOY42,0.0,shopify,deny,manual,4.99,,True,True,,,,,,https://cdn.shopify.com/s/files/1/0814/0452/6820/files/product_88_image1.jpg?v=1778067932,1.0,Dinotrux Ace and Click-Clack Character 2-Pack,False,,,,,,lb,,,,,,active
dinotrux-diecast-dragonflopter-vehicle,Dinotrux Diecast Dragonflopter Vehicle,"Have a ferociously fun time with the half-dinosaur, half-construction vehicles from Dinotrux! This exciting assortment offers size and variety, giving fans the option to choose from either their favorite Dinotrux character in mid-sized scale or a 2-pack of smaller-scale Reptools!",MATTEL,Uncategorized,TOYS,"egnition-sample-data, mattel, toys",True,Title,Default Title,,,,,,,,TOY41,0.0,shopify,deny,manual,59.99,,True,True,,,,,,https://cdn.shopify.com/s/files/1/0814/0452/6820/files/product_87_image1.jpg?v=1778067926,1.0,Dinotrux Diecast Dragonflopter Vehicle,False,,,,,,lb,,,,,,active
nerf-n-strike-elite-accustrike-series-falconfire-blaster,Nerf N-Strike Elite AccuStrike Series Falconfire Blaster,Nerf N-Strike Elite AccuStrike Series Falconfire Blaster,NERF,Uncategorized,TOYS,"boys-toys, egnition-sample-data, nerf, toys",True,Title,Default Title,,,,,,,,TOY40,0.0,shopify,deny,manual,17.0,,True,True,,,,,,https://cdn.shopify.com/s/files/1/0814/0452/6820/files/product_86_image1.jpg?v=1778067920,1.0,Nerf N-Strike Elite AccuStrike Series Falconfire Blaster,False,,,,,,lb,,,,,,active
nerf-modulus-recon-mk11,Nerf Modulus Recon MK11,"Measures L 42.5 x W 5 x H 20 cm For ages 8 and up Made of Plastic Includes blaster, stock, barrel extension, 6-dart clip, 6 darts and instructions. Requires 2 AA batteries - not included",NERF,Uncategorized,TOYS,"boys-toys, egnition-sample-data, nerf, toys",True,Title,Default Title,,,,,,,,TOY39,0.0,shopify,deny,manual,36.0,,True,True,,,,,,https://cdn.shopify.com/s/files/1/0814/0452/6820/files/product_85_image1.jpg?v=1778067915,1.0,Nerf Modulus Recon MK11,False,,,,,,lb,,,,,,active
nerf-modulus-tri-strike-blaster-toy,Nerf Modulus Tri-Strike Blaster Toy,Nerf Modulus Tri-Strike Blaster Toy,NERF,Uncategorized,TOYS,"boys-toys, egnition-sample-data, nerf, toys",True,Title,Default Title,,,,,,,,TOY38,0.0,shopify,deny,manual,76.0,,True,True,,,,,,https://cdn.shopify.com/s/files/1/0814/0452/6820/files/product_84_image1.jpg?v=1778067909,1.0,Nerf Modulus Tri-Strike Blaster Toy,False,,,,,,lb,,,,,,active
nerf-microshots-n-strike-elite-strongarm,Nerf Microshots N-Strike Elite Strongarm,"Blast into big fun with Nerf MicroShots series that features collectible, mini-sized versions of favorite Nerf blasters (each sold separately)! Go strong with the MicroShots N-Strike Elite Strongarm blaster, which fires 1 dart at a time and comes with 2 Elite darts. ",NERF,Uncategorized,TOYS,"boys-toys, egnition-sample-data, nerf, toys",True,Title,Default Title,,,,,,,,TOY37,0.0,shopify,deny,manual,9.0,,True,True,,,,,,https://cdn.shopify.com/s/files/1/0814/0452/6820/files/product_83_image1.jpg?v=1778067903,1.0,Nerf Microshots N-Strike Elite Strongarm,False,,,,,,lb,,,,,,active
nerf-modulus-ecs-10-blaster-toy,Nerf Modulus ECS-10 Blaster Toy,"Taking a simple idea of a shooting game, this NERF Modulus Blaster Toy ups the ante with NERF patented blasters and engineered foam, making playtime a more realistic one--minus the unwanted injuries, of course. ",NERF,Uncategorized,TOYS,"boys-toys, egnition-sample-data, nerf, toys",True,Title,Default Title,,,,,,,,TOY36,0.0,shopify,deny,manual,57.0,,True,True,,,,,,https://cdn.shopify.com/s/files/1/0814/0452/6820/files/product_82_image1.jpg?v=1778067897,1.0,Nerf Modulus ECS-10 Blaster Toy,False,,,,,,lb,,,,,,active
nerf-n-strike-elite-hyperfire-blaster,Nerf N-Strike Elite Hyperfire Blaster,Nerf N-Strike Elite Hyperfire Blaster,NERF,Uncategorized,TOYS,"boys-toys, egnition-sample-data, nerf, toys",True,Title,Default Title,,,,,,,,TOY35,0.0,shopify,deny,manual,66.0,,True,True,,,,,,https://cdn.shopify.com/s/files/1/0814/0452/6820/files/product_81_image1.jpg?v=1778067892,1.0,Nerf N-Strike Elite Hyperfire Blaster,False,,,,,,lb,,,,,,active
hasbro-nerf-elite-triad,Hasbro Nerf Elite Triad,"Taking a simple idea of a shooting game, this Hasbro NERF Elite Triad ups the ante with NERF patented blasters and engineered foam, making playtime a more realistic one--minus the unwanted injuries, of course. ",NERF,Uncategorized,TOYS,"boys-toys, egnition-sample-data, hasbro, nerf, toys",True,Title,Default Title,,,,,,,,TOY34,0.0,shopify,deny,manual,10.0,,True,True,,,,,,https://cdn.shopify.com/s/files/1/0814/0452/6820/files/product_80_image1.jpg?v=1778067886,1.0,Hasbro Nerf Elite Triad,False,,,,,,lb,,,,,,active
nerf-modulus-stockshot-blaster,NERF Modulus StockShot Blaster,NERF Modulus StockShot Blaster,NERF,Uncategorized,TOYS,"boys-toys, egnition-sample-data, nerf, toys",True,Title,Default Title,,,,,,,,TOY33,0.0,shopify,deny,manual,22.0,,True,True,,,,,,https://cdn.shopify.com/s/files/1/0814/0452/6820/files/product_79_image1.jpg?v=1778067880,1.0,NERF Modulus StockShot Blaster,False,,,,,,lb,,,,,,active
nerf-n-strike-elite-jolt-blaster,Nerf N Strike Elite Jolt Blaster,"Don't be fooled by this blaster's micro size, because it's got macro stealth power! After you load your ultra-small blaster with the 2 included Elite darts, just hide it in your pocket to maneuver in close to your enemy. ",NERF,Uncategorized,TOYS,"boys-toys, egnition-sample-data, nerf, toys",True,Title,Default Title,,,,,,,,TOY32,0.0,shopify,deny,manual,12.0,,True,True,,,,,,https://cdn.shopify.com/s/files/1/0814/0452/6820/files/product_78_image1.jpg?v=1778067874,1.0,Nerf N Strike Elite Jolt Blaster,False,,,,,,lb,,,,,,active
nerf-n-strike-elite-retaliator-blaster-toy,Nerf N-Strike Elite Retaliator Blaster Toy,"Taking a simple idea of a shooting game, this NERF Elite Retaliator Blaster Toy ups the ante with NERF patented blasters and engineered foam, making playtime a more realistic one--minus the unwanted injuries, of course.",NERF,Uncategorized,TOYS,"boys-toys, egnition-sample-data, nerf, toys",True,Title,Default Title,,,,,,,,TOY31,0.0,shopify,deny,manual,32.0,,True,True,,,,,,https://cdn.shopify.com/s/files/1/0814/0452/6820/files/product_77_image1.jpg?v=1778067868,1.0,Nerf N-Strike Elite Retaliator Blaster Toy,False,,,,,,lb,,,,,,active
nintendo-hdmi-game-consoles,Nintendo HDMI Game Consoles,Nintendo HDMI Game Consoles 600 In 1 TV Classic Retro HD Video Game Console 4GB Family Play Station Player,NINTENDO,Uncategorized,TOYS,"egnition-sample-data, nintendo, toys, video-games",True,Title,Default Title,,,,,,,,TOY30,0.0,shopify,deny,manual,125.0,,True,True,,,,,,https://cdn.shopify.com/s/files/1/0814/0452/6820/files/product_74_image1.jpg?v=1778067862,1.0,Nintendo HDMI Game Consoles,False,,,,,,lb,,,,,,active
gamesir-f1-joystick,Gamesir F1 Joystick,Gamesir F1 Joystick Grip Extended Handle Game Accessories Controller Grip for Smart Phone Analog Joystick Grip for Android &amp; iOS,NINTENDO,Uncategorized,TOYS,"egnition-sample-data, nintendo, toys, video-games",True,Title,Default Title,,,,,,,,TOY29,0.0,shopify,deny,manual,78.0,,True,True,,,,,,https://cdn.shopify.com/s/files/1/0814/0452/6820/files/product_73_image1.jpg?v=1778067856,1.0,Gamesir F1 Joystick,False,,,,,,lb,,,,,,active
nintendo-new-3ds-xl,Nintendo New 3DS XL,THE NEXT DIMENSION IN ENTERTAINMENT. The New Nintendo 3DS XL system combines next-generation portable gaming withsuper-stable 3D technology and added control features.,NINTENDO,Uncategorized,TOYS,"egnition-sample-data, new-realease, nintendo, toys, video-games",True,Title,Default Title,,,,,,,,TOY28,0.0,shopify,deny,manual,389.0,,True,True,,,,,,https://cdn.shopify.com/s/files/1/0814/0452/6820/files/product_72_image1.jpg?v=1778067850,1.0,Nintendo New 3DS XL,False,,,,,,lb,,,,,,active
nintendo-dsi-matte-red,Nintendo Dsi Matte Red,Nintendo DSi 3353790.00 Game System - 3.25 LCD Display Built-in Camera Internet Browser Mate Red,NINTENDO,Uncategorized,TOYS,"egnition-sample-data, nintendo, toys, video-games",True,Title,Default Title,,,,,,,,TOY27,0.0,shopify,deny,manual,300.0,,True,True,,,,,,https://cdn.shopify.com/s/files/1/0814/0452/6820/files/product_71_image1.jpg?v=1778067845,1.0,Nintendo Dsi Matte Red,False,,,,,,lb,,,,,,active
nintendo-2ds-link-edition,Nintendo 2DS Link Edition,"Play all games, both Nintendo DS and Nintendo 3DS, in 2D. From games to photos and beyond, Nintendo 2DS is the ultimate 2D gaming experience.",NINTENDO,Uncategorized,TOYS,"egnition-sample-data, nintendo, toys, video-games",True,Title,Default Title,,,,,,,,TOY26,0.0,shopify,deny,manual,249.0,,True,True,,,,,,https://cdn.shopify.com/s/files/1/0814/0452/6820/files/product_70_image1.jpg?v=1778067839,1.0,Nintendo 2DS Link Edition,False,,,,,,lb,,,,,,active
nintendo-super-famicom-mini,Nintendo Super Famicom Mini,Nintendo Super Famicom Mini,NINTENDO,Uncategorized,TOYS,"egnition-sample-data, nintendo, toys, video-games",True,Title,Default Title,,,,,,,,TOY25,0.0,shopify,deny,manual,94.0,,True,True,,,,,,https://cdn.shopify.com/s/files/1/0814/0452/6820/files/product_69_image1.jpg?v=1778067833,1.0,Nintendo Super Famicom Mini,False,,,,,,lb,,,,,,active
nintendo-entertainment-system-nes-classic-edition,Nintendo Entertainment System: NES Classic Edition,"From your first Goomba stomp to your thousandth victory in Final Fantasy, the Nintendo Entertainment System may just be the most nostalgic gaming console ever.",NINTENDO,Uncategorized,TOYS,"egnition-sample-data, nintendo, on-sale, toys, video-games",True,Title,Default Title,,,,,,,,TOY24,0.0,shopify,deny,manual,57.0,,True,True,,,,,,https://cdn.shopify.com/s/files/1/0814/0452/6820/files/product_68_image1.jpg?v=1778067827,1.0,Nintendo Entertainment System: NES Classic Edition,False,,,,,,lb,,,,,,active
nintendo-snes-classic-mini,Nintendo SNES Classic Mini,"The console has a September 29 release date, and it includes the best Mario game ever made: ""Super Mario World.""",NINTENDO,Uncategorized,TOYS,"best-sellers, egnition-sample-data, nintendo, toys, video-games",True,Title,Default Title,,,,,,,,TOY23,0.0,shopify,deny,manual,131.0,,True,True,,,,,,https://cdn.shopify.com/s/files/1/0814/0452/6820/files/product_67_image1.jpg?v=1778067821,1.0,Nintendo SNES Classic Mini,False,,,,,,lb,,,,,,active
nintendo-switch-with-neon-blue-neon-red-joy-con,Nintendo Switch with Neon Blue/Neon Red Joy-Con,"Nintendo Switch is designed to go wherever you do, transforming from home console to portable system in a snap. So you get more time to play the games you love, however you like.",NINTENDO,Uncategorized,TOYS,"egnition-sample-data, nintendo, toys, video-games",True,Title,Default Title,,,,,,,,TOY22,0.0,shopify,deny,manual,468.0,,True,True,,,,,,https://cdn.shopify.com/s/files/1/0814/0452/6820/files/product_66_image1.jpg?v=1778067815,1.0,Nintendo Switch with Neon Blue/Neon Red Joy-Con,False,,,,,,lb,,,,,,active
nintendo-patented-3-0inch,Nintendo Patented 3.0inch,Nintendo Patented 3.0inch Dual-core 64-bit Mini Handheld Game Console Emulator RETRO GAME GBA Video Game Console Retro Games Handheld Game Console,NINTENDO,Uncategorized,TOYS,"best-sellers, egnition-sample-data, nintendo, toys, video-games",True,Title,Default Title,,,,,,,,TOY21,0.0,shopify,deny,manual,45.0,,True,True,,,,,,https://cdn.shopify.com/s/files/1/0814/0452/6820/files/product_65_image1.jpg?v=1778067809,1.0,Nintendo Patented 3.0inch,False,,,,,,lb,,,,,,active
hasbro-taboo-board-game,Hasbro Taboo Board Game,"Taboo is the game of unspeakable fun! Can you get your team to say Brain Freeze? What if you can't say Ice Cream, Headache, Eating, Cold or Fast? Not so easy now, is it? When you play Taboo, the obvious clues are strictly taboo!",HASBRO,Uncategorized,TOYS,"board-games, egnition-sample-data, hasbro, toys",True,Title,Default Title,,,,,,,,TOY20,0.0,shopify,deny,manual,28.0,,True,True,,,,,,https://cdn.shopify.com/s/files/1/0814/0452/6820/files/product_64_image1.jpg?v=1778067803,1.0,Hasbro Taboo Board Game,False,,,,,,lb,,,,,,active
hasbro-all-new-boggle-game,Hasbro All New Boggle Game,"There is no denying the effect of toy gadgets to kids. Many electronic toys for toddlers and kids recently emerged because it is proven more appealing. However, when it comes to educational past times, nothing can beat the classics, like the Hasbro A0421 All New Boggle Game
",HASBRO,Uncategorized,TOYS,"egnition-sample-data, hasbro, toys",True,Title,Default Title,,,,,,,,TOY19,0.0,shopify,deny,manual,22.0,,True,True,,,,,,https://cdn.shopify.com/s/files/1/0814/0452/6820/files/product_63_image1.jpg?v=1778067798,1.0,Hasbro All New Boggle Game,False,,,,,,lb,,,,,,active
hasbro-pie-face-showdown,Hasbro Pie Face Showdown,"The hilarious Pie Face Showdown game brings friends and family together for lots of laugh-out-loud fun. First, players load the arm with whipped cream (not included) or the included sponge.",HASBRO,Uncategorized,TOYS,"egnition-sample-data, hasbro, toys",True,Title,Default Title,,,,,,,,TOY18,0.0,shopify,deny,manual,36.0,,True,True,,,,,,https://cdn.shopify.com/s/files/1/0814/0452/6820/files/product_62_image1.jpg?v=1778067792,1.0,Hasbro Pie Face Showdown,False,,,,,,lb,,,,,,active
hasbro-jenga-pass-challenge-game,Hasbro Jenga Pass Challenge Game,"Includes: 27 hardwood Jenga blocks with resealable plastic storage bag, passing platform, stacking stand, instructions",HASBRO,Uncategorized,TOYS,"building-sets, egnition-sample-data, hasbro, toys",True,Title,Default Title,,,,,,,,TOY17,0.0,shopify,deny,manual,25.0,,True,True,,,,,,https://cdn.shopify.com/s/files/1/0814/0452/6820/files/product_61_image1.jpg?v=1778067787,1.0,Hasbro Jenga Pass Challenge Game,False,,,,,,lb,,,,,,active
hasbro-gaming-monopoly-junior-electronic-banking-game,Hasbro Gaming Monopoly Junior Electronic Banking Game,Learn to earn with your first Monopoly Bank Card!,HASBRO,Uncategorized,TOYS,"egnition-sample-data, hasbro, monopoly, toys",True,Title,Default Title,,,,,,,,TOY16,0.0,shopify,deny,manual,29.0,,True,True,,,,,,https://cdn.shopify.com/s/files/1/0814/0452/6820/files/product_60_image1.jpg?v=1778067781,1.0,Hasbro Gaming Monopoly Junior Electronic Banking Game,False,,,,,,lb,,,,,,active
hasbro-gaming-pie-face-sky-high,Hasbro Gaming Pie Face Sky High,Hasbro Gaming Pie Face Sky High,HASBRO,Uncategorized,TOYS,"egnition-sample-data, hasbro, party-supplies, toys",True,Title,Default Title,,,,,,,,TOY15,0.0,shopify,deny,manual,38.0,,True,True,,,,,,https://cdn.shopify.com/s/files/1/0814/0452/6820/files/product_59_image1.jpg?v=1778067775,1.0,Hasbro Gaming Pie Face Sky High,False,,,,,,lb,,,,,,active
hasbro-fantastic-gymnastics,Hasbro Fantastic Gymnastics,Hasbro Fantastic Gymnastics,HASBRO,Uncategorized,TOYS,"egnition-sample-data, hasbro, party-supplies, toys",True,Title,Default Title,,,,,,,,TOY14,0.0,shopify,deny,manual,25.0,,True,True,,,,,,https://cdn.shopify.com/s/files/1/0814/0452/6820/files/product_58_image1.jpg?v=1778067769,1.0,Hasbro Fantastic Gymnastics,False,,,,,,lb,,,,,,active
hasbro-monopoly-star-wars-game-set,Hasbro Monopoly Star Wars Game Set,"There is no denying the effect of toy gadgets to kids. Many electronic toys for toddlers and kids recently emerged because it is proven more appealing. However, when it comes to educational past times, nothing can beat the classics, especially when made with a twist, like the Hasbro Monopoly Star Wars Game Set. ",HASBRO,Uncategorized,TOYS,"egnition-sample-data, hasbro, monopoly, star-wars, toys",True,Title,Default Title,,,,,,,,TOY13,0.0,shopify,deny,manual,32.0,,True,True,,,,,,https://cdn.shopify.com/s/files/1/0814/0452/6820/files/product_57_image1.jpg?v=1778067763,1.0,Hasbro Monopoly Star Wars Game Set,False,,,,,,lb,,,,,,active
hasbro-fur-real-snifflinsawyer,Hasbro Fur Real Snifflin'Sawyer,Hasbro Furreal Snifflin Sawyer,HASBRO,Uncategorized,TOYS,"egnition-sample-data, hasbro, stuffed-toys, toys",True,Title,Default Title,,,,,,,,TOY12,0.0,shopify,deny,manual,38.0,,True,True,,,,,,https://cdn.shopify.com/s/files/1/0814/0452/6820/files/product_56_image1.jpg?v=1778067757,1.0,Hasbro Fur Real Snifflin'Sawyer,False,,,,,,lb,,,,,,active
hasbro-games-yahtzee-classic,Hasbro Games Yahtzee Classic,Hasbro Games Yahtzee Classic,HASBRO,Uncategorized,TOYS,"egnition-sample-data, hasbro, toys",True,Title,Default Title,,,,,,,,TOY11,0.0,shopify,deny,manual,13.0,,True,True,,,,,,https://cdn.shopify.com/s/files/1/0814/0452/6820/files/product_55_image1.jpg?v=1778067752,1.0,Hasbro Games Yahtzee Classic,False,,,,,,lb,,,,,,active
lego-captain-phasma,Lego Captain Phasma,Buildable and highly posable Captain Phasma figure. Play out exciting combat scenes with this iconic character from the blockbuster Star Wars: The Force Awakens movie.,LEGO,Uncategorized,TOYS,"building-sets, egnition-sample-data, lego, star-wars, toys",True,Title,Default Title,,,,,,,,TOY10,0.0,shopify,deny,manual,43.0,,True,True,,,,,,https://cdn.shopify.com/s/files/1/0814/0452/6820/files/product_54_image1.png?v=1778067745,1.0,Lego Captain Phasma,False,,,,,,lb,,,,,,active
lego-2016-sergeant-jyn-erso,Lego 2016 Sergeant Jyn Erso,Help the Rebel Alliance take on the Empire with this buildable and highly posable Jyn Erso figure.,LEGO,Uncategorized,TOYS,"building-sets, egnition-sample-data, lego, star-wars, toys",True,Title,Default Title,,,,,,,,TOY09,0.0,shopify,deny,manual,43.0,,True,True,,,,,,https://cdn.shopify.com/s/files/1/0814/0452/6820/files/product_53_image1.jpg?v=1778067740,1.0,Lego 2016 Sergeant Jyn Erso,False,,,,,,lb,,,,,,active
lego-bumblebee-helicopter,LEGO Bumblebee Helicopter,"Includes a Bumblebee mini-doll figure, plus two angry red Kryptomites. Features a helicopter with opening cockpit, spinning rotors, zipline, two stud shooters and storage space in the back to hold the crystals",LEGO,Uncategorized,TOYS,"building-sets, egnition-sample-data, lego, toys",True,Title,Default Title,,,,,,,,TOY08,0.0,shopify,deny,manual,25.0,,True,True,,,,,,https://cdn.shopify.com/s/files/1/0814/0452/6820/files/product_52_image1.jpg?v=1778067734,1.0,LEGO Bumblebee Helicopter,False,,,,,,lb,,,,,,active
lego-juniors,LEGO Juniors,"Features an Easy to Build farm pickup vehicle with rear storage area, stable with opening gate for the foal and a pen for the lamb.",LEGO,Uncategorized,TOYS,"building-sets, egnition-sample-data, lego, toys",True,Title,Default Title,,,,,,,,TOY07,0.0,shopify,deny,manual,36.0,,True,True,,,,,,https://cdn.shopify.com/s/files/1/0814/0452/6820/files/product_51_image1.jpg?v=1778067728,1.0,LEGO Juniors,False,,,,,,lb,,,,,,active
lego-super-heroes-mighty-micros-wonder-women-vs-doomsday,Lego Super Heroes Mighty Micros: Wonder Women Vs.Doomsday,Stage a face-off between Wonder Woman and Doomsday in this fun Mighty Micros play set.,LEGO,Uncategorized,TOYS,"building-sets, egnition-sample-data, lego, toys",True,Title,Default Title,,,,,,,,TOY06,0.0,shopify,deny,manual,19.0,,True,True,,,,,,https://cdn.shopify.com/s/files/1/0814/0452/6820/files/product_50_image1.jpg?v=1778067722,1.0,Lego Super Heroes Mighty Micros: Wonder Women Vs.Doomsday,False,,,,,,lb,,,,,,active
lego-duplo-fun-family-fair,LEGO Duplo Fun Family Fair,Help your toddler build the iconic fairground carousel and play out a day of family fun. Young children will love using the special gearwheel function or spinning the top of the carousel to watch the 4 horses go round and round.,LEGO,Uncategorized,TOYS,"building-sets, egnition-sample-data, lego, toys",True,Title,Default Title,,,,,,,,TOY05,0.0,shopify,deny,manual,86.0,,True,True,,,,,,https://cdn.shopify.com/s/files/1/0814/0452/6820/files/product_45_image1.jpg?v=1778067716,1.0,LEGO Duplo Fun Family Fair,False,,,,,,lb,,,,,,active
lego-mobile-command-center,LEGO Mobile Command Center,LEGO Mobile Command Center,LEGO,Uncategorized,TOYS,"building-sets, egnition-sample-data, lego, toys",True,Title,Default Title,,,,,,,,TOY04,0.0,shopify,deny,manual,75.0,,True,True,,,,,,https://cdn.shopify.com/s/files/1/0814/0452/6820/files/product_44_image1.jpg?v=1778067710,1.0,LEGO Mobile Command Center,False,,,,,,lb,,,,,,active
lego-super-heroes-attack-on-avengers-tower,Lego Super Heroes Attack on Avengers Tower,The Heroes are having a party when suddenly Avengers Tower comes under Ultron attack from the inside! Evil Ultron Mark 1 has assembled himself in the lab and is exploding out the windows.,LEGO,Uncategorized,TOYS,"building-sets, egnition-sample-data, lego, toys",True,Title,Default Title,,,,,,,,TOY03,0.0,shopify,deny,manual,115.0,,True,True,,,,,,https://cdn.shopify.com/s/files/1/0814/0452/6820/files/product_43_image1.jpg?v=1778067705,1.0,Lego Super Heroes Attack on Avengers Tower,False,,,,,,lb,,,,,,active
lego-batman-movie-clayface-splat-attack,Lego Batman Movie - Clayface Splat Attack,Team up with Batman to take on Clayface and free Mayor McCaskill from the clay prison in The LEGO Batman Movie: Clayface Splat Attack set.,LEGO,Uncategorized,TOYS,"building-sets, egnition-sample-data, lego, toys",True,Title,Default Title,,,,,,,,TOY02,0.0,shopify,deny,manual,32.0,,True,True,,,,,,https://cdn.shopify.com/s/files/1/0814/0452/6820/files/product_42_image1.jpg?v=1778067699,1.0,Lego Batman Movie - Clayface Splat Attack,False,,,,,,lb,,,,,,active
lego-marvel-super-heroes-marvel-avengers-infinity-war-outrider-dropship-attack-set,Lego Marvel Super Heroes Marvel Avengers Infinity War Outrider Dropship Attack Set,Join Captain America and Black Widows battle to repel the Outriders and save Wakanda with this action-packed LEGO Marvel Super Heroes 76101 Outrider Dropship Attack set!,LEGO,Uncategorized,TOYS,"building-sets, egnition-sample-data, lego, toys",True,Title,Default Title,,,,,,,,TOY01,0.0,shopify,deny,manual,26.0,,True,True,,,,,,https://cdn.shopify.com/s/files/1/0814/0452/6820/files/product_41_image1.jpg?v=1778067693,1.0,Lego Marvel Super Heroes Marvel Avengers Infinity War Outrider Dropship Attack Set,False,,,,,,lb,,,,,,active
adidas-classic-backpack-legend-ink-multicolour,ADIDAS | CLASSIC BACKPACK | LEGEND INK MULTICOLOUR,"The adidas BP Classic Cap features a pre-curved brim to keep your face shaded, while a hook-and-loop adjustable closure provides a comfortable fit. With a 3-Stripes design and reflective accents. The perfect piece to top off any outfit.",ADIDAS,Uncategorized,ACCESSORIES,"adidas, backpack, clothes, egnition-sample-data",True,Size,OS,,Color,blue,,,,,"AD-04
-OS-blue",0.0,shopify,deny,manual,50.0,,True,True,,,,,,https://cdn.shopify.com/s/files/1/0814/0452/6820/files/product_30_image1.jpg?v=1778067069,1.0,ADIDAS | CLASSIC BACKPACK | LEGEND INK MULTICOLOUR,False,,,,,,lb,,,,,,active
adidas-classic-backpack,ADIDAS | CLASSIC BACKPACK,"This women's backpack has a glam look, thanks to a faux-leather build with an allover fur print. The front zip pocket keeps small things within reach, while an interior divider reins in potential chaos.",ADIDAS,Uncategorized,ACCESSORIES,"adidas, backpack, clothes, egnition-sample-data",True,Size,OS,,Color,black,,,,,AD-03-OS-black,0.0,shopify,deny,manual,70.0,,True,True,,,,,,https://cdn.shopify.com/s/files/1/0814/0452/6820/files/product_29_image1.jpg?v=1778067062,1.0,ADIDAS | CLASSIC BACKPACK,False,,,,,,lb,,,,,,active
nike-swoosh-pro-flat-peak-cap,NIKE | SWOOSH PRO FLAT PEAK CAP,The Nike Swoosh Pro Flat Snapback features an embroidered logo for style and wool construction with an adjustable closure for a comfortable fit.,NIKE,Uncategorized,ACCESSORIES,"cap, clothes, egnition-sample-data, nike",True,Size,OS,,Color,white,,,,,NK-03-OS-white,0.0,shopify,deny,manual,30.0,,True,True,,,,,,https://cdn.shopify.com/s/files/1/0814/0452/6820/files/product_28_image1.jpg?v=1778067056,1.0,NIKE | SWOOSH PRO FLAT PEAK CAP,False,,,,,,lb,,,,,,active
flex-fit-mini-ottoman-black,FLEX FIT | MINI OTTOMAN BLACK,Flexfit Mini Ottoman Cap,FLEX FIT,Uncategorized,ACCESSORIES,"clothes, egnition-sample-data, flex-fit, men",True,Size,s,,Color,black,,,,,FF-01-s-black,0.0,shopify,deny,manual,29.99,,True,True,,,,,,https://cdn.shopify.com/s/files/1/0814/0452/6820/files/product_27_image1.jpg?v=1778067050,1.0,FLEX FIT | MINI OTTOMAN BLACK,False,,,,,,lb,,,,,,active
herschel-iona,HERSCHEL | IONA,"Featuring a cinch closure concealed by a slender top flap, the Iona backpack unites everyday practicality with clean design.",HERSCHEL,Uncategorized,ACCESSORIES,"backpack, clothes, egnition-sample-data, herschel",True,Size,OS,,Color,black,,,,,H-01-OS-black,0.0,shopify,deny,manual,119.95,,True,True,,,,,,https://cdn.shopify.com/s/files/1/0814/0452/6820/files/product_26_image1.jpg?v=1778067044,1.0,HERSCHEL | IONA,False,,,,,,lb,,,,,,active
vans-apparel-and-accessories-classic-super-no-show-socks-3-pack-white,VANS APPAREL AND ACCESSORIES | CLASSIC SUPER NO SHOW SOCKS 3 PACK WHITE,The classic super no show socks are for all your low top shoes like Classic Slip-Ons. These socks are designed to stay hidden under your shoes for an athletic look with either jeans or shorts. Thin walled breathable cotton/nylon blend.,VANS,Uncategorized,ACCESSORIES,"clothes, egnition-sample-data, unisex, vans",True,Size,9.5-13,,Color,white,,,,,VN-10-9.5-13-white,0.0,shopify,deny,manual,19.95,,True,True,,,,,,https://cdn.shopify.com/s/files/1/0814/0452/6820/files/product_25_image1.jpg?v=1778067040,1.0,VANS APPAREL AND ACCESSORIES | CLASSIC SUPER NO SHOW SOCKS 3 PACK WHITE,False,,,,,,lb,,,,,,active
adidas-kids-stan-smith,ADIDAS | KID'S STAN SMITH,"The Stan Smith owned the tennis court in the '70s. Today it runs the streets with the same clean, classic style. These kids' shoes preserve the iconic look of the original, made in leather with punched 3-Stripes, heel and tongue logos and lightweight step-in cushioning.",ADIDAS,Uncategorized,SHOES,"adidas, clothes, egnition-sample-data, kid",True,Size,1,,Color,white,,,,,AD-02-1-white,0.0,shopify,deny,manual,90.0,,True,True,,,,,,https://cdn.shopify.com/s/files/1/0814/0452/6820/files/product_24_image1.jpg?v=1778067032,1.0,ADIDAS | KID'S STAN SMITH,False,,,,,,lb,,,,,,active
nike-toddler-roshe-one,NIKE | TODDLER ROSHE ONE,"The Nike Roshe One Infant Shoe offers breathable comfort and soft yet durable cushioning with a mesh upper and Phylon midsole that doubles as an outsole. The shoe is intended to be versatile, worn with or without socks, dressed up or down, for walking or just taking it easy.",NIKE,Uncategorized,SHOES,"clothes, egnition-sample-data, kid, nike",True,Size,4,,Color,black,,,,,NK-02-4-black,0.0,shopify,deny,manual,70.0,,True,True,,,,,,https://cdn.shopify.com/s/files/1/0814/0452/6820/files/product_23_image1.jpg?v=1778067026,1.0,NIKE | TODDLER ROSHE ONE,False,,,,,,lb,,,,,,active
converse-toddler-chuck-taylor-all-star-axel-mid,CONVERSE | TODDLER CHUCK TAYLOR ALL STAR AXEL MID,"The Converse Chuck Taylor All Star Axel recasts the iconic original in a refreshed silhouette for a premium look and feel. A no-tie design lets kids slip them on and go, while a rubber outsole delivers reliable traction from the classroom to the playground.",CONVERSE,Uncategorized,SHOES,"clothes, converse, egnition-sample-data, kid",True,Size,5,,Color,black,,,,,C-03-5-black,0.0,shopify,deny,manual,70.0,,True,True,,,,,,https://cdn.shopify.com/s/files/1/0814/0452/6820/files/product_22_image1.jpg?v=1778067020,1.0,CONVERSE | TODDLER CHUCK TAYLOR ALL STAR AXEL MID,False,,,,,,lb,,,,,,active
converse-chuck-taylor-all-star-ii-hi,CONVERSE | CHUCK TAYLOR ALL STAR II HI,"Introducing the Converse Chuck Taylor All Star II Hi sneaker. Retaining the revolutionary silhouette we all rely on, but now made ever better. New features include Lunarlon sockliner adds cushioning and arch support. Micro-suede lining, premium textured shield canvas construction and a padded, non-slip tongue deliver superior comfort and durability. Moulded eyelets add a premium touch. The embossed, screen-printed license plate and embroidered, star-centered ankle patch add striking depth and dimension to recognizable, classic details.",CONVERSE,Uncategorized,SHOES,"clothes, converse, egnition-sample-data, men, summer",True,Size,4,,Color,black,,,,,C-02-4-black,0.0,shopify,deny,manual,140.0,,True,True,,,,,,https://cdn.shopify.com/s/files/1/0814/0452/6820/files/product_21_image1.jpg?v=1778067013,1.0,CONVERSE | CHUCK TAYLOR ALL STAR II HI,False,,,,,,lb,,,,,,active
converse-chuck-taylor-all-star-lo,CONVERSE | CHUCK TAYLOR ALL STAR LO,"The Converse Chuck Taylor All Star II Lo sneaker. Retaining the revolutionary silhouette we all rely on, but now made even better. New features include Lunarlon sockliner, adding cushioning and arch support. Micro-suede lining, premium canvas construction and a padded, non-slip tongue deliver superior comfort and durability. Moulded eyelets add a premium touch. The embossed, screen-printed license plate and embroidered, star-centered ankle patch add striking depth and dimension to recognizable, classic details.",CONVERSE,Uncategorized,SHOES,"clothes, converse, egnition-sample-data, men, summer",True,Size,3,,Color,white,,,,,C-01-3-white,0.0,shopify,deny,manual,100.0,,True,True,,,,,,https://cdn.shopify.com/s/files/1/0814/0452/6820/files/product_20_image1.jpg?v=1778067006,1.0,CONVERSE | CHUCK TAYLOR ALL STAR LO,False,,,,,,lb,,,,,,active
dr-martens-1460z-dmc-8-eye-boot-cherry-smooth,DR MARTENS | 1460Z DMC 8-EYE BOOT | CHERRY SMOOTH,"Make a statement with these iconic Dr Marten boots. This classic style has stood the test of time thanks to the combination of reinvented styling and the rugged yet urban look. Crafted with high-quality, durable leathers, the 1460OZ DMC 8-Eye Boot Cherry Smooth is made to last and will only get better with time. This lace-up boot features the iconic Dr Martens air-cushioned sole offering good abrasion and slip resistance, and is made with Goodyear welt - the sole and upper are heat-sealed and sewn together.",DR MARTENS,Uncategorized,SHOES,"autumn, clothes, drmartens, egnition-sample-data, spring, women",True,Size,3,,Color,red,,,,,DM-03-3-red,0.0,shopify,deny,manual,249.0,,True,True,,,,,,https://cdn.shopify.com/s/files/1/0814/0452/6820/files/product_19_image1.jpg?v=1778066997,1.0,DR MARTENS | 1460Z DMC 8-EYE BOOT | CHERRY SMOOTH,False,,,,,,lb,,,,,,active
dr-martens-cavendish-3-eye-shoe-black,DR MARTENS | CAVENDISH 3-EYE SHOE BLACK,"Make a statement with the Dr Marten's Cavendish 3-Eye shoe. Stamped with Docs trademade look, this lace-up shoe is crafted with high-quality, durable smooth leather, and has been made to last. This unique shoe features an air-cushioned sole offering good abrasion and slip resistance, and is made with Goodyear welt - the sole and upper are heat-sealed and sewn together.",DR MARTENS,Uncategorized,SHOES,"autumn, clothes, drmartens, egnition-sample-data, women",True,Size,4,,Color,black,,,,,DM-02-4-black,0.0,shopify,deny,manual,229.0,,True,True,,,,,,https://cdn.shopify.com/s/files/1/0814/0452/6820/files/product_18_image1.jpg?v=1778066991,1.0,DR MARTENS | CAVENDISH 3-EYE SHOE BLACK,False,,,,,,lb,,,,,,active
dr-martens-1461-dmc-3-eye-shoe-black-smooth,DR MARTENS | 1461 DMC 3-EYE SHOE | BLACK SMOOTH,"Make a statement with the iconic Dr Marten's 1461Z DMC 3-Eye shoe. Stamped with Docs trademade look, this lace-up shoe is crafted with high-quality, durable smooth leather, and has been made to last. This unique shoe features an air-cushioned sole offering good abrasion and slip resistance, and is made with Goodyear welt - the sole and upper are heat-sealed and sewn together.",DR MARTENS,Uncategorized,SHOES,"autumn, clothes, drmartens, egnition-sample-data, spring, women",True,Size,5,,Color,black,,,,,DM-01-5-black,0.0,shopify,deny,manual,229.0,,True,True,,,,,,https://cdn.shopify.com/s/files/1/0814/0452/6820/files/product_17_image1.jpg?v=1778066984,1.0,DR MARTENS | 1461 DMC 3-EYE SHOE | BLACK SMOOTH,False,,,,,,lb,,,,,,active
nike-crackle-print-tb-tee,NIKE | CRACKLE PRINT TB TEE,"Meet your new favorite tee, the Nike Crackle Print T-Shirt. Bringing its A-game in soft, premium fabric, it features a ribbed crew neck and a woven Nike label on the hem.",NIKE,Uncategorized,T-SHIRTS,"clothes, egnition-sample-data, men, nike, summer",True,Size,s,,Color,blue,,,,,NK-01-s-blue,0.0,shopify,deny,manual,40.0,,True,True,,,,,,https://cdn.shopify.com/s/files/1/0814/0452/6820/files/product_16_image1.jpg?v=1778066978,1.0,NIKE | CRACKLE PRINT TB TEE,False,,,,,,lb,,,,,,active
timberland-mens-6-inch-premium-boot,TIMBERLAND | MENS 6 INCH PREMIUM BOOT,"Timberland has been refining their craft of producing hard-wearing boots for decades. The 6-Inch Premium Waterproof Boot (or Wheat Boot) is the original men's Timberland boot and was first designed nearly 40 years ago. Continuous improvements to the design and construction, such as the addition of Timberland's exclusive anti-fatigue technology for all day comfort, has cemented these boots as a sturdy and dependable staple in anyone's shoe collection. The premium waterproof leather, seam-sealed construction and rugged lug outsoles provides long-lasting durability and comfort to help you get through any environmental conditions and adventure. An absolute must-have.",TIMBERLAND,Uncategorized,SHOES,"clothes, egnition-sample-data, men, timberland, winter",True,Size,7,,Color,yellow,,,,,TM-01-7-yellow,0.0,shopify,deny,manual,299.95,,True,True,,,,,,https://cdn.shopify.com/s/files/1/0814/0452/6820/files/product_15_image1.jpg?v=1778066972,1.0,TIMBERLAND | MENS 6 INCH PREMIUM BOOT,False,,,,,,lb,,,,,,active
vans-classic-slip-on-perforated-suede,VANS | CLASSIC SLIP-ON (PERFORATED SUEDE),"The Perforated Suede Classic Slip-On features low profile slip-on perforated suede uppers,, padded collars, elastic side accents, and signature rubber waffle outsoles.",VANS,Uncategorized,SHOES,"clothes, egnition-sample-data, men, summer, vans",True,Size,4,,Color,beige,,,,,VN-09-4-beige,0.0,shopify,deny,manual,119.95,,True,True,,,,,,https://cdn.shopify.com/s/files/1/0814/0452/6820/files/product_14_image1.jpg?v=1778066965,1.0,VANS | CLASSIC SLIP-ON (PERFORATED SUEDE),False,,,,,,lb,,,,,,active
vans-old-skool-butterfly-true-white-black,VANS | OLD SKOOL (BUTTERFLY) TRUE WHITE | BLACK,"Vans are a staple in skate culture and street style, and this skate sneaker is no exception. Introduced in 1977, the Vans Old Skool sneaker is a classic in the Vans collection. Full of attitude, the Old Skool is durable and lightweight, and can give the other boys in the collection a run for its money. Constructed from canvas, The Vans Old Skool features contrasting suede panels along the toe and heel, plus the iconic stripe along the side of the shoe, and sits over a chunky midsole.",VANS,Uncategorized,SHOES,"clothes, egnition-sample-data, men, summer, vans",True,Size,4,,Color,white,,,,,VN-08-4-white,0.0,shopify,deny,manual,129.95,,True,True,,,,,,https://cdn.shopify.com/s/files/1/0814/0452/6820/files/product_13_image1.jpg?v=1778066958,1.0,VANS | OLD SKOOL (BUTTERFLY) TRUE WHITE | BLACK,False,,,,,,lb,,,,,,active
vans-sh-8-hi,VANS | SH-8 HI,"Vans are a staple in skate culture and street style, and this skate sneaker is no exception. Introduced in the early 70's, the Vans SK8 Hi was responsible for the reduced number of ankle injuries in the skating scene with the extra padded ankle support, but its popularity has grown across different cultural scenes. The Vans SK8 Hi True White is constructed from a combination of canvas and suede and features the signature side stripe detail and vulcanized waffle sole. Available in a range of colours.",VANS,Uncategorized,SHOES,"autumn, clothes, egnition-sample-data, men, spring, vans",True,Size,4,,Color,black,,,,,VN-07-4-black,0.0,shopify,deny,manual,129.95,,True,True,,,,,,https://cdn.shopify.com/s/files/1/0814/0452/6820/files/product_12_image1.jpg?v=1778066951,1.0,VANS | SH-8 HI,False,,,,,,lb,,,,,,active
vans-era-59-desert-cowboy,VANS | ERA 59 (DESERT COWBOY),"Vans are a staple in skate culture and street style, and the Vans Era 59 is no exception. This classic lace-up skate shoe is focused on ultimate comfort and cool. Constructed from canvas with leather accents which sets it apart from the original Era, it features a soft footbed, double stitched vamp, a padded tongue and lining, as well as Vans' signature waffle sole. ",VANS,Uncategorized,SHOES,"clothes, egnition-sample-data, men, summer, vans",True,Size,9,,Color,light_brown,,,,,VN-06-9-light_brown,0.0,shopify,deny,manual,109.95,,True,True,,,,,,https://cdn.shopify.com/s/files/1/0814/0452/6820/files/product_11_image1.jpg?v=1778066944,1.0,VANS | ERA 59 (DESERT COWBOY),False,,,,,,lb,,,,,,active
adidas-superstar-80s,ADIDAS | SUPERSTAR 80S,"There's a shell toe for every season, and the adidas Originals Superstar 80s shoes have a full grain leather upper with a shiny badge on the tongue that makes these shoes ready for any time of year.",ADIDAS,Uncategorized,SHOES,"adidas, autumn, clothes, egnition-sample-data, men, spring, summer",True,Size,5,,Color,white,,,,,AD-01-5-white,0.0,shopify,deny,manual,170.0,,True,True,,,,,,https://cdn.shopify.com/s/files/1/0814/0452/6820/files/product_10_image1.jpg?v=1778066937,1.0,ADIDAS | SUPERSTAR 80S,False,,,,,,lb,,,,,,active
supra-mens-vaider,SUPRA | MENS VAIDER,Supra introduces the Vaider. A stylishly designed high top upper on a vulcanized sole that supplies excellent traction and board feel. A padded collar and tongue lining provide superior comfort,SUPRA,Uncategorized,SHOES,"autumn, clothes, egnition-sample-data, men, spring, summer, supra",True,Size,9,,Color,gray,,,,,su-01-9-gray,0.0,shopify,deny,manual,169.95,,True,True,,,,,,https://cdn.shopify.com/s/files/1/0814/0452/6820/files/product_9_image1.jpg?v=1778066931,1.0,SUPRA | MENS VAIDER,False,,,,,,lb,,,,,,active
puma-suede-classic-regal,PUMA | SUEDE CLASSIC REGAL,"First introduced in 1968, the Puma Suede Classic is Puma's most epic sneaker with its athletic inspired design and smooth suede. The Puma Suede Classic Regal Red/White is constructed with a suede upper and contrasting low profile rubber sole, and fat laces, the classic continues to make its mark on the streets today.",PUMA,Uncategorized,SHOES,"clothes, egnition-sample-data, men, puma, summer",True,Size,5,,Color,red,,,,,PM-01-5-red,0.0,shopify,deny,manual,110.0,,True,True,,,,,,https://cdn.shopify.com/s/files/1/0814/0452/6820/files/product_8_image1.jpg?v=1778066925,1.0,PUMA | SUEDE CLASSIC REGAL,False,,,,,,lb,,,,,,active
asics-tiger-gel-lyte-v-30-years-of-gel-pack,ASICS TIGER | GEL-LYTE V '30 YEARS OF GEL' PACK,"The iconic ASICS Tiger GEL-Lyte III was originally released in 1990. Having over two decades of performance heritage, it offers fine design detailing and a padded split tongue to eliminate tongue movement, built on a sleek silhouette. It comes as no surprise the Gel-Lyte III is a fast growing popular choice for sneaker enthusiasts all over the world.",ASICS TIGER,Uncategorized,SHOES,"asics-tiger, autumn, clothes, egnition-sample-data, men, spring",True,Size,4,,Color,black,,,,,AsTi-01-4-black,0.0,shopify,deny,manual,220.0,,True,True,,,,,,https://cdn.shopify.com/s/files/1/0814/0452/6820/files/product_7_image1.jpg?v=1778066919,1.0,ASICS TIGER | GEL-LYTE V '30 YEARS OF GEL' PACK,False,,,,,,lb,,,,,,active
palladium-pallatech-hi-tx-chevron,PALLADIUM | PALLATECH HI TX | CHEVRON,"The Palladium iconic classic receives a subtle, yet stylish update. The Pallatech Hi TX features a full grain leather upper with cotton canvas and soft cuff around the collar, providing even more comfort. The boot is finished with a single-unit molded rubber outsole, offering excellent traction while exploring your city. The EVA-cushioned footbed and hugging heel cup cradle the foot for lasting support.",PALLADIUM,Uncategorized,SHOES,"clothes, egnition-sample-data, men, palladium, winter",True,Size,9,,Color,red,,,,,"PAL-01
-9-red",0.0,shopify,deny,manual,159.95,,True,True,,,,,,https://cdn.shopify.com/s/files/1/0814/0452/6820/files/product_6_image1.jpg?v=1778066913,1.0,PALLADIUM | PALLATECH HI TX | CHEVRON,False,,,,,,lb,,,,,,active
vans-sk8-hi-decon-cutout-leaves-white,VANS | SK8-HI DECON (CUTOUT)| LEAVES/WHITE,The Vans Cut Out Sk8-Hi Decon brings a twist to the iconic Vans Sk8-Hi silhouette: a new deconstructed leather high-top upper with a custom die cut design that lets the material shape on its own accord without much structural constriction. It also features signature rubber waffle outsoles.,VANS,Uncategorized,SHOES,"autumn, clothes, egnition-sample-data, men, spring, summer, vans",True,Size,4,,Color,white,,,,,"VN-05
-4-white",0.0,shopify,deny,manual,179.95,,True,True,,,,,,https://cdn.shopify.com/s/files/1/0814/0452/6820/files/product_5_image1.jpg?v=1778066906,1.0,VANS | SK8-HI DECON (CUTOUT)| LEAVES/WHITE,False,,,,,,lb,,,,,,active
vans-era-59-moroccan-geo-dress-blues,"VANS |
ERA 59 MOROCCAN | GEO/DRESS BLUES","Vans are a staple in skate culture and street style, and the Vans Era 59 is no exception. This classic lace-up skate shoe is focused on ultimate comfort and cool. Constructed from canvas with leather accents which sets it apart from the original Era, it features a soft footbed, double stitched vamp, a padded tongue and lining, as well as Vans' signature waffle sole.",VANS,Uncategorized,SHOES,"clothes, egnition-sample-data, men, summer, vans",True,Size,8,,Color,blue,,,,,VN-04-8-blue,0.0,shopify,deny,manual,119.95,,True,True,,,,,,https://cdn.shopify.com/s/files/1/0814/0452/6820/files/product_4_image1.jpg?v=1778066900,1.0,"VANS |
ERA 59 MOROCCAN | GEO/DRESS BLUES",False,,,,,,lb,,,,,,active
vans-authentic-butterfly-true-white-black,VANS | AUTHENTIC (BUTTERFLY) TRUE | WHITE / BLACK,"The forefather of the Vans family, the Vans Authentic was introduced in 1966 and nearly 4 decades later is still going strong, its popularity extending from the original fans - skaters and surfers to all sorts. The Vans Authentic is constructed from canvas and Vans' signature waffle outsole construction.",VANS,Uncategorized,SHOES,"clothes, egnition-sample-data, men, summer, vans",True,Size,4,,Color,white,,,,,VN-03-4-white,0.0,shopify,deny,manual,109.95,,True,True,,,,,,https://cdn.shopify.com/s/files/1/0814/0452/6820/files/product_3_image1.jpg?v=1778066893,1.0,VANS | AUTHENTIC (BUTTERFLY) TRUE | WHITE / BLACK,False,,,,,,lb,,,,,,active
vans-authentic-multi-eyelets-gradient-crimson,VANS | AUTHENTIC | (MULTI EYELETS) | GRADIENT/CRIMSON,"The forefather of the Vans family, the Vans Authentic was introduced in 1966 and nearly 4 decades later is still going strong, its popularity extending from the original fans - skaters and surfers to all sorts. The Vans Authentic is constructed from canvas and Vans' signature waffle outsole construction.",VANS,Uncategorized,SHOES,"clothes, egnition-sample-data, men, summer, vans",True,Size,5,,Color,red,,,,,VN-02-5-red,0.0,shopify,deny,manual,99.95,,True,True,,,,,,https://cdn.shopify.com/s/files/1/0814/0452/6820/files/product_2_image1.jpg?v=1778066887,1.0,VANS | AUTHENTIC | (MULTI EYELETS) | GRADIENT/CRIMSON,False,,,,,,lb,,,,,,active
vans-authentic-lo-pro-burgandy-white,VANS |AUTHENTIC | LO PRO | BURGANDY/WHITE,"The forefather of the Vans family, the original Vans Authentic was introduced in 1966 and nearly 4 decades later is still going strong, its popularity extending from the original fans - skaters and surfers to all sorts. Now remodeled into a low top lace-up with a slim silhouette, the Vans Authentic Lo Pro features sturdy canvas uppers with lower sidewalls, metal eyelets, and low profile mini waffle outsoles for a lightweight feel.",VANS,Uncategorized,SHOES,"clothes, egnition-sample-data, men, sale, summer, vans",True,Size,4,,Color,burgandy,,,,,VN-01-4-burgandy,0.0,shopify,deny,manual,29.0,,True,True,,,,,,https://cdn.shopify.com/s/files/1/0814/0452/6820/files/product_1_image1.jpg?v=1778066880,1.0,VANS |AUTHENTIC | LO PRO | BURGANDY/WHITE,False,,,,,,lb,,,,,,active
